{"upper": {"right": {"on": {"go": [0.9691256492924102, 1.3456522637852653, 1.3375793799181521, 0.590060310158277, 0.2885519579316007, 0.7719093548596592, 0.37610609289951646, 0.1583691953735824, -0.1766641651842189, 0.5176390958989131, 0.30768887119674415, 0.18496458737712065], "back": [-0.5588504560266738, -0.09549293299982686, -0.77968432564211, -0.7303136158817751, -1.010896468553464, -1.0475868382969131, -0.6721775480709188, -0.9448638269549201, -0.755956234726142, -0.676171133579794, -0.8943283421623468, -1.0530211830302787]}, "off": {"go": [1.1500803318499075, 0.11230891423585448, 0.4260256684445518, 2.0659541340499397, 0.7742376962030849, 1.3712453793931172, 1.2914020967474151, 0.9070572052897213, 0.7495360083227764, -0.20450138645178803, 0.3998536056415327, 0.4142817688986397], "back": [-0.9163017529982387, -0.9395983481233777, -0.2767595612870204, -0.21685375578416038, -0.9262702422817628, -0.8832898476251521, -0.6211396276369767, -0.5458644536718495, -0.7463573804807184, -0.3243387855765728, -0.9809523797515632, -0.7790183926370782]}}, "left": {"on": {"go": [1.7584544513578368, 1.1948654224201873, 0.18491768093650143, 0.9110642202028963, 1.0026138629970445, 1.1742454656513945, 1.1090750267404608, 1.2580657528647092, 2.4215710029535455, 1.0092356110016019, 1.1544348964307107, 0.3659446322982998], "back": [-0.38228024361051727, -0.845543483342057, -0.8537693507056596, -0.7959636593832466, -0.8322996176655941, -0.9141718252566248, -0.7453259180219369, -0.6342938254781967, -0.6802522675726961, -0.8273705439806052, -1.058698098514465, -0.7443237850044331]}, "off": {"go": [0.8783698475091692, 0.628847720528828, 1.1368986814802116, 0.6876941706799111, 0.9247803488442538, 1.3651801570150819, 1.6716614030562544, 1.3939629685301744, 0.7692846298669289, 1.010287943981467, 1.375521517361074, 1.2762626850700471], "back": [-0.6865636560891051, -0.916665440838065, -0.7890252339927153, -0.6962600045052432, -0.8741796613562638, -0.4867556234893804, -0.522290147663014, -0.5325529341380376, -0.7470460437250583, -0.43900901548184834, -0.7212541303459237, -0.6193817217053227]}}}, "bottom": {"right": {"on": {"go": [-0.369037727703462, 0.48942444548803943, 0.48065976815979283, -0.02722420182592053, 0.39258507204342447, -0.14607152841621357, 0.11412470885721063, 0.6652850430362072, 0.2987677102503713, 1.2655472098919587, 0.44461367805490226, -0.08711210548385351], "back": [-0.8765390738803465, -0.5523187127267957, -0.5593114668989495, -0.5424372129856946, -0.1510323511745235, -0.7841843408998409, -0.6566677320490576, -0.8352226419325479, -0.6686859024854417, -0.7107176653287854, -0.9298534076601859, -0.403190424047533]}, "off": {"go": [-0.12945605255416467, 0.8813044615390928, 0.7689220831621777, 0.12056390544479506, 0.05583944790920484, 0.2804669688886265, 0.03589047630344716, 0.08894347612238601, 0.5998570289971433, 0.5452244600951788, 1.237265421555214, 0.05630640894420838], "back": [-0.5405041076678759, -0.40408605837058764, -0.6028967247316479, -0.37400859644284357, 0.03488444804737173, -0.2938374470503272, -0.7450992239900752, -0.8258953629424455, -0.4635300818736161, -0.713455437136135, -0.25832549418108053, -0.5160252895666188]}}, "left": {"on": {"go": [0.029050710498549685, -0.0703689336446285, 0.03872811775710466, -0.3607704013872303, 0.07099753585238257, 0.2621110262400018, 0.6709681107941505, 0.44151897218103286, 0.22449461638948595, -0.044727955206996, 0.8265698778740362, 1.768826817156067], "back": [-0.5821111433583854, -0.6288652642006276, -0.602046192177671, -0.44856994675410866, -0.59225248654516, -0.662821512972743, -0.577980013255866, -0.5321315499939304, -0.33519209523411164, -0.6406265757963705, -0.7750221279381886, -0.5460806630065264]}, "off": {"go": [0.9167803684832425, 0.47432620638942563, 0.7667318287333611, -0.02275707556708459, 0.6732334373785348, 0.6148386272826074, 0.019175183118446668, 0.24737777706475542, 0.05369169217371611, 0.7207017292531145, 0.34095284596670794, 0.9879961941517065], "back": [-0.6602171451023446, -0.6737902601407271, -0.6769703531560802, -0.16017827001851181, 0.16920702036986576, -0.6212780153232933, -0.7477228878290565, -0.3097557953506407, -0.5435185176719638, -0.48771755158333846, -0.46846673352716894, -0.3064295294144443]}}}}